{"cameraMode":{"drawMode":0,"name":"Shaded","section":"Shading Mode"},"sceneLighting":false,"audioPlay":false,"sceneViewState":{"m_AlwaysRefresh":false,"showFog":true,"showSkybox":false,"showFlares":true,"showImageEffects":true,"showParticleSystems":true,"showVisualEffectGraphs":true,"m_FxEnabled":true},"in2DMode":false,"pivot":{"x":7.095682144165039,"y":3.2181410789489748,"z":0.2882046699523926},"rotation":{"x":-0.14641161262989045,"y":0.7211594581604004,"z":-0.16050848364830018,"w":-0.6578222513198853},"size":18.916683197021486,"orthographic":false}