{"cameraMode":{"drawMode":0,"name":"Shaded","section":"Shading Mode"},"sceneLighting":true,"audioPlay":false,"sceneViewState":{"m_AlwaysRefresh":false,"showFog":true,"showSkybox":true,"showFlares":true,"showImageEffects":true,"showParticleSystems":true,"showVisualEffectGraphs":true,"m_FxEnabled":true},"in2DMode":false,"pivot":{"x":4.568374156951904,"y":1.5121181011199952,"z":1.614039659500122},"rotation":{"x":0.03113083355128765,"y":-0.6704391837120056,"z":0.028174661099910737,"w":0.7407692074775696},"size":10.967809677124024,"orthographic":false}